[
    {
        "model": "admin.logentry",
        "pk": 1,
        "fields": {
            "action_time": "2024-06-15T00:50:35.815Z",
            "user": 1,
            "content_type": 26,
            "object_id": "1",
            "object_repr": "Men's Clinic",
            "action_flag": 1,
            "change_message": "[{\"added\": {}}]"
        }
    },
    {
        "model": "admin.logentry",
        "pk": 2,
        "fields": {
            "action_time": "2024-06-15T00:57:45.510Z",
            "user": 1,
            "content_type": 16,
            "object_id": "1",
            "object_repr": "drug_images/IMG_9877_VICOmkA.jpg",
            "action_flag": 1,
            "change_message": "[{\"added\": {}}]"
        }
    },
    {
        "model": "admin.logentry",
        "pk": 3,
        "fields": {
            "action_time": "2024-06-15T01:02:17.577Z",
            "user": 1,
            "content_type": 16,
            "object_id": "2",
            "object_repr": "drug_images/a.png",
            "action_flag": 1,
            "change_message": "[{\"added\": {}}]"
        }
    },
    {
        "model": "admin.logentry",
        "pk": 4,
        "fields": {
            "action_time": "2024-06-15T01:03:15.488Z",
            "user": 1,
            "content_type": 15,
            "object_id": "1",
            "object_repr": "Erectile Dysfunction (ED) Treatments",
            "action_flag": 1,
            "change_message": "[{\"added\": {}}]"
        }
    },
    {
        "model": "admin.logentry",
        "pk": 5,
        "fields": {
            "action_time": "2024-06-15T01:03:34.568Z",
            "user": 1,
            "content_type": 19,
            "object_id": "1",
            "object_repr": "Dasha Tadavi Extra Strong Cialis Generic - 40 mg (4 Tablets) - 10 in stock",
            "action_flag": 1,
            "change_message": "[{\"added\": {}}]"
        }
    },
    {
        "model": "admin.logentry",
        "pk": 6,
        "fields": {
            "action_time": "2024-06-15T01:15:22.891Z",
            "user": 1,
            "content_type": 19,
            "object_id": "1",
            "object_repr": "Dasha Tadavi Extra Strong Cialis Generic - 40 mg (4 Tablets) - 10 in stock",
            "action_flag": 3,
            "change_message": ""
        }
    },
    {
        "model": "admin.logentry",
        "pk": 7,
        "fields": {
            "action_time": "2024-06-15T01:15:37.899Z",
            "user": 1,
            "content_type": 16,
            "object_id": "2",
            "object_repr": "drug_images/a.png",
            "action_flag": 3,
            "change_message": ""
        }
    },
    {
        "model": "admin.logentry",
        "pk": 8,
        "fields": {
            "action_time": "2024-06-15T01:15:37.905Z",
            "user": 1,
            "content_type": 16,
            "object_id": "1",
            "object_repr": "drug_images/IMG_9877_VICOmkA.jpg",
            "action_flag": 3,
            "change_message": ""
        }
    },
    {
        "model": "admin.logentry",
        "pk": 9,
        "fields": {
            "action_time": "2024-06-15T01:42:35.656Z",
            "user": 1,
            "content_type": 15,
            "object_id": "1",
            "object_repr": "Erectile Dysfunction (ED) Treatments",
            "action_flag": 3,
            "change_message": ""
        }
    },
    {
        "model": "admin.logentry",
        "pk": 10,
        "fields": {
            "action_time": "2024-06-15T01:43:20.913Z",
            "user": 1,
            "content_type": 16,
            "object_id": "3",
            "object_repr": "drug_images/cialis_generic.png",
            "action_flag": 1,
            "change_message": "[{\"added\": {}}]"
        }
    },
    {
        "model": "admin.logentry",
        "pk": 11,
        "fields": {
            "action_time": "2024-06-15T01:50:26.477Z",
            "user": 1,
            "content_type": 16,
            "object_id": "3",
            "object_repr": "drug_images/cialis_generic.png",
            "action_flag": 3,
            "change_message": ""
        }
    },
    {
        "model": "admin.logentry",
        "pk": 12,
        "fields": {
            "action_time": "2024-06-15T01:55:29.717Z",
            "user": 1,
            "content_type": 16,
            "object_id": "4",
            "object_repr": "drug_images/cialis_generic_bMWZC2H.png",
            "action_flag": 1,
            "change_message": "[{\"added\": {}}]"
        }
    },
    {
        "model": "admin.logentry",
        "pk": 13,
        "fields": {
            "action_time": "2024-06-15T01:55:53.572Z",
            "user": 1,
            "content_type": 16,
            "object_id": "5",
            "object_repr": "drug_images/climax_delay_back_2.png",
            "action_flag": 1,
            "change_message": "[{\"added\": {}}]"
        }
    },
    {
        "model": "admin.logentry",
        "pk": 14,
        "fields": {
            "action_time": "2024-06-15T01:56:09.379Z",
            "user": 1,
            "content_type": 16,
            "object_id": "6",
            "object_repr": "drug_images/climax_delay_back.png",
            "action_flag": 1,
            "change_message": "[{\"added\": {}}]"
        }
    },
    {
        "model": "admin.logentry",
        "pk": 15,
        "fields": {
            "action_time": "2024-06-15T01:56:27.774Z",
            "user": 1,
            "content_type": 16,
            "object_id": "7",
            "object_repr": "drug_images/libido_enhancer_2.png",
            "action_flag": 1,
            "change_message": "[{\"added\": {}}]"
        }
    },
    {
        "model": "admin.logentry",
        "pk": 16,
        "fields": {
            "action_time": "2024-06-15T01:56:45.039Z",
            "user": 1,
            "content_type": 16,
            "object_id": "8",
            "object_repr": "drug_images/libido_enhancer_back_2.png",
            "action_flag": 1,
            "change_message": "[{\"added\": {}}]"
        }
    },
    {
        "model": "admin.logentry",
        "pk": 17,
        "fields": {
            "action_time": "2024-06-15T01:57:05.742Z",
            "user": 1,
            "content_type": 16,
            "object_id": "9",
            "object_repr": "drug_images/libido_enhancer_back.png",
            "action_flag": 1,
            "change_message": "[{\"added\": {}}]"
        }
    },
    {
        "model": "admin.logentry",
        "pk": 18,
        "fields": {
            "action_time": "2024-06-15T01:58:43.419Z",
            "user": 1,
            "content_type": 16,
            "object_id": "9",
            "object_repr": "drug_images/libido_enhancer_back.png",
            "action_flag": 3,
            "change_message": ""
        }
    },
    {
        "model": "admin.logentry",
        "pk": 19,
        "fields": {
            "action_time": "2024-06-15T01:58:43.423Z",
            "user": 1,
            "content_type": 16,
            "object_id": "8",
            "object_repr": "drug_images/libido_enhancer_back_2.png",
            "action_flag": 3,
            "change_message": ""
        }
    },
    {
        "model": "admin.logentry",
        "pk": 20,
        "fields": {
            "action_time": "2024-06-15T01:58:43.427Z",
            "user": 1,
            "content_type": 16,
            "object_id": "7",
            "object_repr": "drug_images/libido_enhancer_2.png",
            "action_flag": 3,
            "change_message": ""
        }
    },
    {
        "model": "admin.logentry",
        "pk": 21,
        "fields": {
            "action_time": "2024-06-15T01:58:43.431Z",
            "user": 1,
            "content_type": 16,
            "object_id": "6",
            "object_repr": "drug_images/climax_delay_back.png",
            "action_flag": 3,
            "change_message": ""
        }
    },
    {
        "model": "admin.logentry",
        "pk": 22,
        "fields": {
            "action_time": "2024-06-15T01:58:43.435Z",
            "user": 1,
            "content_type": 16,
            "object_id": "5",
            "object_repr": "drug_images/climax_delay_back_2.png",
            "action_flag": 3,
            "change_message": ""
        }
    },
    {
        "model": "admin.logentry",
        "pk": 23,
        "fields": {
            "action_time": "2024-06-15T01:58:43.439Z",
            "user": 1,
            "content_type": 16,
            "object_id": "4",
            "object_repr": "drug_images/cialis_generic_bMWZC2H.png",
            "action_flag": 3,
            "change_message": ""
        }
    },
    {
        "model": "admin.logentry",
        "pk": 24,
        "fields": {
            "action_time": "2024-06-15T02:25:09.768Z",
            "user": 1,
            "content_type": 19,
            "object_id": "4",
            "object_repr": "Muscle Enhancer - 23 in stock",
            "action_flag": 2,
            "change_message": "[{\"changed\": {\"fields\": [\"Images\", \"Text\", \"Price\"]}}]"
        }
    },
    {
        "model": "admin.logentry",
        "pk": 25,
        "fields": {
            "action_time": "2024-06-15T02:27:51.485Z",
            "user": 1,
            "content_type": 19,
            "object_id": "3",
            "object_repr": "Libido Enhancer - 12 in stock",
            "action_flag": 2,
            "change_message": "[{\"changed\": {\"fields\": [\"Images\", \"Text\", \"Price\"]}}]"
        }
    },
    {
        "model": "admin.logentry",
        "pk": 26,
        "fields": {
            "action_time": "2024-06-15T02:28:43.316Z",
            "user": 1,
            "content_type": 19,
            "object_id": "2",
            "object_repr": "Dasha Tadavi Extra Strong Cialis Generic - 20 in stock",
            "action_flag": 2,
            "change_message": "[{\"changed\": {\"fields\": [\"Images\", \"Text\"]}}]"
        }
    },
    {
        "model": "admin.logentry",
        "pk": 27,
        "fields": {
            "action_time": "2024-06-15T02:35:40.319Z",
            "user": 1,
            "content_type": 19,
            "object_id": "5",
            "object_repr": "Dasha Plus Libido Enhancer - 10 in stock",
            "action_flag": 1,
            "change_message": "[{\"added\": {}}]"
        }
    },
    {
        "model": "admin.logentry",
        "pk": 28,
        "fields": {
            "action_time": "2024-06-15T02:37:48.113Z",
            "user": 1,
            "content_type": 19,
            "object_id": "6",
            "object_repr": "Dasha Maca Natural Hormone Regulator - 11 in stock",
            "action_flag": 1,
            "change_message": "[{\"added\": {}}]"
        }
    },
    {
        "model": "admin.logentry",
        "pk": 29,
        "fields": {
            "action_time": "2024-06-15T02:39:30.305Z",
            "user": 1,
            "content_type": 19,
            "object_id": "7",
            "object_repr": "TestoBoost Organic Testosterone Booster - 14 in stock",
            "action_flag": 1,
            "change_message": "[{\"added\": {}}]"
        }
    },
    {
        "model": "admin.logentry",
        "pk": 30,
        "fields": {
            "action_time": "2024-06-15T02:41:07.971Z",
            "user": 1,
            "content_type": 19,
            "object_id": "8",
            "object_repr": "Natural Penile Firmness System Massage Ge - 24 in stock",
            "action_flag": 1,
            "change_message": "[{\"added\": {}}]"
        }
    },
    {
        "model": "admin.logentry",
        "pk": 31,
        "fields": {
            "action_time": "2024-06-15T02:43:02.435Z",
            "user": 1,
            "content_type": 19,
            "object_id": "9",
            "object_repr": "Dasha Plus Muscle Enhancer - 4 in stock",
            "action_flag": 1,
            "change_message": "[{\"added\": {}}]"
        }
    },
    {
        "model": "admin.logentry",
        "pk": 32,
        "fields": {
            "action_time": "2024-06-15T07:40:41.054Z",
            "user": 1,
            "content_type": 34,
            "object_id": "4",
            "object_repr": "Order 4 by ludmil",
            "action_flag": 3,
            "change_message": ""
        }
    },
    {
        "model": "admin.logentry",
        "pk": 33,
        "fields": {
            "action_time": "2024-06-15T07:40:41.059Z",
            "user": 1,
            "content_type": 34,
            "object_id": "3",
            "object_repr": "Order 3 by ludmil",
            "action_flag": 3,
            "change_message": ""
        }
    },
    {
        "model": "admin.logentry",
        "pk": 34,
        "fields": {
            "action_time": "2024-06-15T07:43:52.939Z",
            "user": 1,
            "content_type": 34,
            "object_id": "5",
            "object_repr": "Order 5 by ludmil",
            "action_flag": 3,
            "change_message": ""
        }
    },
    {
        "model": "admin.logentry",
        "pk": 35,
        "fields": {
            "action_time": "2024-06-15T08:09:59.473Z",
            "user": 1,
            "content_type": 34,
            "object_id": "7",
            "object_repr": "Order 7 by ludmil",
            "action_flag": 3,
            "change_message": ""
        }
    },
    {
        "model": "admin.logentry",
        "pk": 36,
        "fields": {
            "action_time": "2024-06-15T08:09:59.477Z",
            "user": 1,
            "content_type": 34,
            "object_id": "6",
            "object_repr": "Order 6 by ludmil",
            "action_flag": 3,
            "change_message": ""
        }
    },
    {
        "model": "admin.logentry",
        "pk": 37,
        "fields": {
            "action_time": "2024-06-15T09:03:41.050Z",
            "user": 1,
            "content_type": 34,
            "object_id": "8",
            "object_repr": "Order 8 by ludmil",
            "action_flag": 3,
            "change_message": ""
        }
    },
    {
        "model": "admin.logentry",
        "pk": 38,
        "fields": {
            "action_time": "2024-06-15T21:45:40.396Z",
            "user": 1,
            "content_type": 34,
            "object_id": "15",
            "object_repr": "Order 15 by ludmil",
            "action_flag": 3,
            "change_message": ""
        }
    },
    {
        "model": "admin.logentry",
        "pk": 39,
        "fields": {
            "action_time": "2024-06-15T21:45:40.401Z",
            "user": 1,
            "content_type": 34,
            "object_id": "14",
            "object_repr": "Order 14 by ludmil",
            "action_flag": 3,
            "change_message": ""
        }
    },
    {
        "model": "admin.logentry",
        "pk": 40,
        "fields": {
            "action_time": "2024-06-15T21:45:40.405Z",
            "user": 1,
            "content_type": 34,
            "object_id": "13",
            "object_repr": "Order 13 by ludmil",
            "action_flag": 3,
            "change_message": ""
        }
    },
    {
        "model": "admin.logentry",
        "pk": 41,
        "fields": {
            "action_time": "2024-06-15T21:49:45.000Z",
            "user": 1,
            "content_type": 26,
            "object_id": "1",
            "object_repr": "Men's Clinic",
            "action_flag": 2,
            "change_message": "[{\"changed\": {\"fields\": [\"BackgroundApp\", \"Phone\", \"Email\"]}}]"
        }
    },
    {
        "model": "admin.logentry",
        "pk": 42,
        "fields": {
            "action_time": "2024-06-15T23:55:47.758Z",
            "user": 1,
            "content_type": 34,
            "object_id": "20",
            "object_repr": "Order 20 by J2",
            "action_flag": 2,
            "change_message": "[{\"changed\": {\"fields\": [\"Status\", \"Payment method\"]}}]"
        }
    },
    {
        "model": "admin.logentry",
        "pk": 43,
        "fields": {
            "action_time": "2024-06-15T23:56:18.427Z",
            "user": 1,
            "content_type": 34,
            "object_id": "19",
            "object_repr": "Order 19 by ludmil",
            "action_flag": 2,
            "change_message": "[{\"changed\": {\"fields\": [\"Status\", \"Payment method\"]}}]"
        }
    },
    {
        "model": "admin.logentry",
        "pk": 44,
        "fields": {
            "action_time": "2024-06-16T15:09:57.312Z",
            "user": 1,
            "content_type": 34,
            "object_id": "24",
            "object_repr": "Order 24 by J2",
            "action_flag": 2,
            "change_message": "[{\"changed\": {\"fields\": [\"Status\", \"Payment method\"]}}]"
        }
    },
    {
        "model": "admin.logentry",
        "pk": 45,
        "fields": {
            "action_time": "2024-06-16T19:43:39.110Z",
            "user": 1,
            "content_type": 34,
            "object_id": "24",
            "object_repr": "Order 24 by J2",
            "action_flag": 2,
            "change_message": "[{\"changed\": {\"fields\": [\"Status\"]}}]"
        }
    },
    {
        "model": "admin.logentry",
        "pk": 46,
        "fields": {
            "action_time": "2024-06-17T15:33:02.962Z",
            "user": 1,
            "content_type": 34,
            "object_id": "24",
            "object_repr": "Order 24 by J2",
            "action_flag": 3,
            "change_message": ""
        }
    },
    {
        "model": "admin.logentry",
        "pk": 47,
        "fields": {
            "action_time": "2024-06-17T15:33:02.968Z",
            "user": 1,
            "content_type": 34,
            "object_id": "23",
            "object_repr": "Order 23 by ludmil",
            "action_flag": 3,
            "change_message": ""
        }
    },
    {
        "model": "admin.logentry",
        "pk": 48,
        "fields": {
            "action_time": "2024-06-17T15:33:02.973Z",
            "user": 1,
            "content_type": 34,
            "object_id": "21",
            "object_repr": "Order 21 by ludmil",
            "action_flag": 3,
            "change_message": ""
        }
    },
    {
        "model": "admin.logentry",
        "pk": 49,
        "fields": {
            "action_time": "2024-06-17T15:33:02.978Z",
            "user": 1,
            "content_type": 34,
            "object_id": "20",
            "object_repr": "Order 20 by J2",
            "action_flag": 3,
            "change_message": ""
        }
    },
    {
        "model": "admin.logentry",
        "pk": 50,
        "fields": {
            "action_time": "2024-06-17T15:33:02.984Z",
            "user": 1,
            "content_type": 34,
            "object_id": "19",
            "object_repr": "Order 19 by ludmil",
            "action_flag": 3,
            "change_message": ""
        }
    },
    {
        "model": "admin.logentry",
        "pk": 51,
        "fields": {
            "action_time": "2024-06-17T15:33:02.989Z",
            "user": 1,
            "content_type": 34,
            "object_id": "18",
            "object_repr": "Order 18 by ludmil",
            "action_flag": 3,
            "change_message": ""
        }
    },
    {
        "model": "admin.logentry",
        "pk": 52,
        "fields": {
            "action_time": "2024-06-17T15:33:02.995Z",
            "user": 1,
            "content_type": 34,
            "object_id": "17",
            "object_repr": "Order 17 by ludmil",
            "action_flag": 3,
            "change_message": ""
        }
    },
    {
        "model": "auth.permission",
        "pk": 1,
        "fields": {
            "name": "Can add log entry",
            "content_type": 1,
            "codename": "add_logentry"
        }
    },
    {
        "model": "auth.permission",
        "pk": 2,
        "fields": {
            "name": "Can change log entry",
            "content_type": 1,
            "codename": "change_logentry"
        }
    },
    {
        "model": "auth.permission",
        "pk": 3,
        "fields": {
            "name": "Can delete log entry",
            "content_type": 1,
            "codename": "delete_logentry"
        }
    },
    {
        "model": "auth.permission",
        "pk": 4,
        "fields": {
            "name": "Can view log entry",
            "content_type": 1,
            "codename": "view_logentry"
        }
    },
    {
        "model": "auth.permission",
        "pk": 5,
        "fields": {
            "name": "Can add permission",
            "content_type": 2,
            "codename": "add_permission"
        }
    },
    {
        "model": "auth.permission",
        "pk": 6,
        "fields": {
            "name": "Can change permission",
            "content_type": 2,
            "codename": "change_permission"
        }
    },
    {
        "model": "auth.permission",
        "pk": 7,
        "fields": {
            "name": "Can delete permission",
            "content_type": 2,
            "codename": "delete_permission"
        }
    },
    {
        "model": "auth.permission",
        "pk": 8,
        "fields": {
            "name": "Can view permission",
            "content_type": 2,
            "codename": "view_permission"
        }
    },
    {
        "model": "auth.permission",
        "pk": 9,
        "fields": {
            "name": "Can add group",
            "content_type": 3,
            "codename": "add_group"
        }
    },
    {
        "model": "auth.permission",
        "pk": 10,
        "fields": {
            "name": "Can change group",
            "content_type": 3,
            "codename": "change_group"
        }
    },
    {
        "model": "auth.permission",
        "pk": 11,
        "fields": {
            "name": "Can delete group",
            "content_type": 3,
            "codename": "delete_group"
        }
    },
    {
        "model": "auth.permission",
        "pk": 12,
        "fields": {
            "name": "Can view group",
            "content_type": 3,
            "codename": "view_group"
        }
    },
    {
        "model": "auth.permission",
        "pk": 13,
        "fields": {
            "name": "Can add user",
            "content_type": 4,
            "codename": "add_user"
        }
    },
    {
        "model": "auth.permission",
        "pk": 14,
        "fields": {
            "name": "Can change user",
            "content_type": 4,
            "codename": "change_user"
        }
    },
    {
        "model": "auth.permission",
        "pk": 15,
        "fields": {
            "name": "Can delete user",
            "content_type": 4,
            "codename": "delete_user"
        }
    },
    {
        "model": "auth.permission",
        "pk": 16,
        "fields": {
            "name": "Can view user",
            "content_type": 4,
            "codename": "view_user"
        }
    },
    {
        "model": "auth.permission",
        "pk": 17,
        "fields": {
            "name": "Can add content type",
            "content_type": 5,
            "codename": "add_contenttype"
        }
    },
    {
        "model": "auth.permission",
        "pk": 18,
        "fields": {
            "name": "Can change content type",
            "content_type": 5,
            "codename": "change_contenttype"
        }
    },
    {
        "model": "auth.permission",
        "pk": 19,
        "fields": {
            "name": "Can delete content type",
            "content_type": 5,
            "codename": "delete_contenttype"
        }
    },
    {
        "model": "auth.permission",
        "pk": 20,
        "fields": {
            "name": "Can view content type",
            "content_type": 5,
            "codename": "view_contenttype"
        }
    },
    {
        "model": "auth.permission",
        "pk": 21,
        "fields": {
            "name": "Can add session",
            "content_type": 6,
            "codename": "add_session"
        }
    },
    {
        "model": "auth.permission",
        "pk": 22,
        "fields": {
            "name": "Can change session",
            "content_type": 6,
            "codename": "change_session"
        }
    },
    {
        "model": "auth.permission",
        "pk": 23,
        "fields": {
            "name": "Can delete session",
            "content_type": 6,
            "codename": "delete_session"
        }
    },
    {
        "model": "auth.permission",
        "pk": 24,
        "fields": {
            "name": "Can view session",
            "content_type": 6,
            "codename": "view_session"
        }
    },
    {
        "model": "auth.permission",
        "pk": 25,
        "fields": {
            "name": "Can add Token",
            "content_type": 7,
            "codename": "add_token"
        }
    },
    {
        "model": "auth.permission",
        "pk": 26,
        "fields": {
            "name": "Can change Token",
            "content_type": 7,
            "codename": "change_token"
        }
    },
    {
        "model": "auth.permission",
        "pk": 27,
        "fields": {
            "name": "Can delete Token",
            "content_type": 7,
            "codename": "delete_token"
        }
    },
    {
        "model": "auth.permission",
        "pk": 28,
        "fields": {
            "name": "Can view Token",
            "content_type": 7,
            "codename": "view_token"
        }
    },
    {
        "model": "auth.permission",
        "pk": 29,
        "fields": {
            "name": "Can add Token",
            "content_type": 8,
            "codename": "add_tokenproxy"
        }
    },
    {
        "model": "auth.permission",
        "pk": 30,
        "fields": {
            "name": "Can change Token",
            "content_type": 8,
            "codename": "change_tokenproxy"
        }
    },
    {
        "model": "auth.permission",
        "pk": 31,
        "fields": {
            "name": "Can delete Token",
            "content_type": 8,
            "codename": "delete_tokenproxy"
        }
    },
    {
        "model": "auth.permission",
        "pk": 32,
        "fields": {
            "name": "Can view Token",
            "content_type": 8,
            "codename": "view_tokenproxy"
        }
    },
    {
        "model": "auth.permission",
        "pk": 33,
        "fields": {
            "name": "Can add doctor profile",
            "content_type": 9,
            "codename": "add_doctorprofile"
        }
    },
    {
        "model": "auth.permission",
        "pk": 34,
        "fields": {
            "name": "Can change doctor profile",
            "content_type": 9,
            "codename": "change_doctorprofile"
        }
    },
    {
        "model": "auth.permission",
        "pk": 35,
        "fields": {
            "name": "Can delete doctor profile",
            "content_type": 9,
            "codename": "delete_doctorprofile"
        }
    },
    {
        "model": "auth.permission",
        "pk": 36,
        "fields": {
            "name": "Can view doctor profile",
            "content_type": 9,
            "codename": "view_doctorprofile"
        }
    },
    {
        "model": "auth.permission",
        "pk": 37,
        "fields": {
            "name": "Can add consultation category",
            "content_type": 10,
            "codename": "add_consultationcategory"
        }
    },
    {
        "model": "auth.permission",
        "pk": 38,
        "fields": {
            "name": "Can change consultation category",
            "content_type": 10,
            "codename": "change_consultationcategory"
        }
    },
    {
        "model": "auth.permission",
        "pk": 39,
        "fields": {
            "name": "Can delete consultation category",
            "content_type": 10,
            "codename": "delete_consultationcategory"
        }
    },
    {
        "model": "auth.permission",
        "pk": 40,
        "fields": {
            "name": "Can view consultation category",
            "content_type": 10,
            "codename": "view_consultationcategory"
        }
    },
    {
        "model": "auth.permission",
        "pk": 41,
        "fields": {
            "name": "Can add Concrete Doctor Profile",
            "content_type": 11,
            "codename": "add_concretedoctorprofile"
        }
    },
    {
        "model": "auth.permission",
        "pk": 42,
        "fields": {
            "name": "Can change Concrete Doctor Profile",
            "content_type": 11,
            "codename": "change_concretedoctorprofile"
        }
    },
    {
        "model": "auth.permission",
        "pk": 43,
        "fields": {
            "name": "Can delete Concrete Doctor Profile",
            "content_type": 11,
            "codename": "delete_concretedoctorprofile"
        }
    },
    {
        "model": "auth.permission",
        "pk": 44,
        "fields": {
            "name": "Can view Concrete Doctor Profile",
            "content_type": 11,
            "codename": "view_concretedoctorprofile"
        }
    },
    {
        "model": "auth.permission",
        "pk": 45,
        "fields": {
            "name": "Can add document",
            "content_type": 12,
            "codename": "add_document"
        }
    },
    {
        "model": "auth.permission",
        "pk": 46,
        "fields": {
            "name": "Can change document",
            "content_type": 12,
            "codename": "change_document"
        }
    },
    {
        "model": "auth.permission",
        "pk": 47,
        "fields": {
            "name": "Can delete document",
            "content_type": 12,
            "codename": "delete_document"
        }
    },
    {
        "model": "auth.permission",
        "pk": 48,
        "fields": {
            "name": "Can view document",
            "content_type": 12,
            "codename": "view_document"
        }
    },
    {
        "model": "auth.permission",
        "pk": 49,
        "fields": {
            "name": "Can add management profile",
            "content_type": 13,
            "codename": "add_managementprofile"
        }
    },
    {
        "model": "auth.permission",
        "pk": 50,
        "fields": {
            "name": "Can change management profile",
            "content_type": 13,
            "codename": "change_managementprofile"
        }
    },
    {
        "model": "auth.permission",
        "pk": 51,
        "fields": {
            "name": "Can delete management profile",
            "content_type": 13,
            "codename": "delete_managementprofile"
        }
    },
    {
        "model": "auth.permission",
        "pk": 52,
        "fields": {
            "name": "Can view management profile",
            "content_type": 13,
            "codename": "view_managementprofile"
        }
    },
    {
        "model": "auth.permission",
        "pk": 53,
        "fields": {
            "name": "Can add patient profile",
            "content_type": 14,
            "codename": "add_patientprofile"
        }
    },
    {
        "model": "auth.permission",
        "pk": 54,
        "fields": {
            "name": "Can change patient profile",
            "content_type": 14,
            "codename": "change_patientprofile"
        }
    },
    {
        "model": "auth.permission",
        "pk": 55,
        "fields": {
            "name": "Can delete patient profile",
            "content_type": 14,
            "codename": "delete_patientprofile"
        }
    },
    {
        "model": "auth.permission",
        "pk": 56,
        "fields": {
            "name": "Can view patient profile",
            "content_type": 14,
            "codename": "view_patientprofile"
        }
    },
    {
        "model": "auth.permission",
        "pk": 57,
        "fields": {
            "name": "Can add Product Category",
            "content_type": 15,
            "codename": "add_consultationcategory"
        }
    },
    {
        "model": "auth.permission",
        "pk": 58,
        "fields": {
            "name": "Can change Product Category",
            "content_type": 15,
            "codename": "change_consultationcategory"
        }
    },
    {
        "model": "auth.permission",
        "pk": 59,
        "fields": {
            "name": "Can delete Product Category",
            "content_type": 15,
            "codename": "delete_consultationcategory"
        }
    },
    {
        "model": "auth.permission",
        "pk": 60,
        "fields": {
            "name": "Can view Product Category",
            "content_type": 15,
            "codename": "view_consultationcategory"
        }
    },
    {
        "model": "auth.permission",
        "pk": 61,
        "fields": {
            "name": "Can add Product Image",
            "content_type": 16,
            "codename": "add_image"
        }
    },
    {
        "model": "auth.permission",
        "pk": 62,
        "fields": {
            "name": "Can change Product Image",
            "content_type": 16,
            "codename": "change_image"
        }
    },
    {
        "model": "auth.permission",
        "pk": 63,
        "fields": {
            "name": "Can delete Product Image",
            "content_type": 16,
            "codename": "delete_image"
        }
    },
    {
        "model": "auth.permission",
        "pk": 64,
        "fields": {
            "name": "Can view Product Image",
            "content_type": 16,
            "codename": "view_image"
        }
    },
    {
        "model": "auth.permission",
        "pk": 65,
        "fields": {
            "name": "Can add revenue",
            "content_type": 17,
            "codename": "add_revenue"
        }
    },
    {
        "model": "auth.permission",
        "pk": 66,
        "fields": {
            "name": "Can change revenue",
            "content_type": 17,
            "codename": "change_revenue"
        }
    },
    {
        "model": "auth.permission",
        "pk": 67,
        "fields": {
            "name": "Can delete revenue",
            "content_type": 17,
            "codename": "delete_revenue"
        }
    },
    {
        "model": "auth.permission",
        "pk": 68,
        "fields": {
            "name": "Can view revenue",
            "content_type": 17,
            "codename": "view_revenue"
        }
    },
    {
        "model": "auth.permission",
        "pk": 69,
        "fields": {
            "name": "Can add cart",
            "content_type": 18,
            "codename": "add_cart"
        }
    },
    {
        "model": "auth.permission",
        "pk": 70,
        "fields": {
            "name": "Can change cart",
            "content_type": 18,
            "codename": "change_cart"
        }
    },
    {
        "model": "auth.permission",
        "pk": 71,
        "fields": {
            "name": "Can delete cart",
            "content_type": 18,
            "codename": "delete_cart"
        }
    },
    {
        "model": "auth.permission",
        "pk": 72,
        "fields": {
            "name": "Can view cart",
            "content_type": 18,
            "codename": "view_cart"
        }
    },
    {
        "model": "auth.permission",
        "pk": 73,
        "fields": {
            "name": "Can add Product",
            "content_type": 19,
            "codename": "add_drug"
        }
    },
    {
        "model": "auth.permission",
        "pk": 74,
        "fields": {
            "name": "Can change Product",
            "content_type": 19,
            "codename": "change_drug"
        }
    },
    {
        "model": "auth.permission",
        "pk": 75,
        "fields": {
            "name": "Can delete Product",
            "content_type": 19,
            "codename": "delete_drug"
        }
    },
    {
        "model": "auth.permission",
        "pk": 76,
        "fields": {
            "name": "Can view Product",
            "content_type": 19,
            "codename": "view_drug"
        }
    },
    {
        "model": "auth.permission",
        "pk": 77,
        "fields": {
            "name": "Can add cart item",
            "content_type": 20,
            "codename": "add_cartitem"
        }
    },
    {
        "model": "auth.permission",
        "pk": 78,
        "fields": {
            "name": "Can change cart item",
            "content_type": 20,
            "codename": "change_cartitem"
        }
    },
    {
        "model": "auth.permission",
        "pk": 79,
        "fields": {
            "name": "Can delete cart item",
            "content_type": 20,
            "codename": "delete_cartitem"
        }
    },
    {
        "model": "auth.permission",
        "pk": 80,
        "fields": {
            "name": "Can view cart item",
            "content_type": 20,
            "codename": "view_cartitem"
        }
    },
    {
        "model": "auth.permission",
        "pk": 81,
        "fields": {
            "name": "Can add prescription",
            "content_type": 21,
            "codename": "add_prescription"
        }
    },
    {
        "model": "auth.permission",
        "pk": 82,
        "fields": {
            "name": "Can change prescription",
            "content_type": 21,
            "codename": "change_prescription"
        }
    },
    {
        "model": "auth.permission",
        "pk": 83,
        "fields": {
            "name": "Can delete prescription",
            "content_type": 21,
            "codename": "delete_prescription"
        }
    },
    {
        "model": "auth.permission",
        "pk": 84,
        "fields": {
            "name": "Can view prescription",
            "content_type": 21,
            "codename": "view_prescription"
        }
    },
    {
        "model": "auth.permission",
        "pk": 85,
        "fields": {
            "name": "Can add prescription drug",
            "content_type": 22,
            "codename": "add_prescriptiondrug"
        }
    },
    {
        "model": "auth.permission",
        "pk": 86,
        "fields": {
            "name": "Can change prescription drug",
            "content_type": 22,
            "codename": "change_prescriptiondrug"
        }
    },
    {
        "model": "auth.permission",
        "pk": 87,
        "fields": {
            "name": "Can delete prescription drug",
            "content_type": 22,
            "codename": "delete_prescriptiondrug"
        }
    },
    {
        "model": "auth.permission",
        "pk": 88,
        "fields": {
            "name": "Can view prescription drug",
            "content_type": 22,
            "codename": "view_prescriptiondrug"
        }
    },
    {
        "model": "auth.permission",
        "pk": 89,
        "fields": {
            "name": "Can add billing",
            "content_type": 23,
            "codename": "add_billing"
        }
    },
    {
        "model": "auth.permission",
        "pk": 90,
        "fields": {
            "name": "Can change billing",
            "content_type": 23,
            "codename": "change_billing"
        }
    },
    {
        "model": "auth.permission",
        "pk": 91,
        "fields": {
            "name": "Can delete billing",
            "content_type": 23,
            "codename": "delete_billing"
        }
    },
    {
        "model": "auth.permission",
        "pk": 92,
        "fields": {
            "name": "Can view billing",
            "content_type": 23,
            "codename": "view_billing"
        }
    },
    {
        "model": "auth.permission",
        "pk": 93,
        "fields": {
            "name": "Can add medical record",
            "content_type": 24,
            "codename": "add_medicalrecord"
        }
    },
    {
        "model": "auth.permission",
        "pk": 94,
        "fields": {
            "name": "Can change medical record",
            "content_type": 24,
            "codename": "change_medicalrecord"
        }
    },
    {
        "model": "auth.permission",
        "pk": 95,
        "fields": {
            "name": "Can delete medical record",
            "content_type": 24,
            "codename": "delete_medicalrecord"
        }
    },
    {
        "model": "auth.permission",
        "pk": 96,
        "fields": {
            "name": "Can view medical record",
            "content_type": 24,
            "codename": "view_medicalrecord"
        }
    },
    {
        "model": "auth.permission",
        "pk": 97,
        "fields": {
            "name": "Can add appointment",
            "content_type": 25,
            "codename": "add_appointment"
        }
    },
    {
        "model": "auth.permission",
        "pk": 98,
        "fields": {
            "name": "Can change appointment",
            "content_type": 25,
            "codename": "change_appointment"
        }
    },
    {
        "model": "auth.permission",
        "pk": 99,
        "fields": {
            "name": "Can delete appointment",
            "content_type": 25,
            "codename": "delete_appointment"
        }
    },
    {
        "model": "auth.permission",
        "pk": 100,
        "fields": {
            "name": "Can view appointment",
            "content_type": 25,
            "codename": "view_appointment"
        }
    },
    {
        "model": "auth.permission",
        "pk": 101,
        "fields": {
            "name": "Can add about us ",
            "content_type": 26,
            "codename": "add_aboutus"
        }
    },
    {
        "model": "auth.permission",
        "pk": 102,
        "fields": {
            "name": "Can change about us ",
            "content_type": 26,
            "codename": "change_aboutus"
        }
    },
    {
        "model": "auth.permission",
        "pk": 103,
        "fields": {
            "name": "Can delete about us ",
            "content_type": 26,
            "codename": "delete_aboutus"
        }
    },
    {
        "model": "auth.permission",
        "pk": 104,
        "fields": {
            "name": "Can view about us ",
            "content_type": 26,
            "codename": "view_aboutus"
        }
    },
    {
        "model": "auth.permission",
        "pk": 105,
        "fields": {
            "name": "Can add Client contact",
            "content_type": 27,
            "codename": "add_contact"
        }
    },
    {
        "model": "auth.permission",
        "pk": 106,
        "fields": {
            "name": "Can change Client contact",
            "content_type": 27,
            "codename": "change_contact"
        }
    },
    {
        "model": "auth.permission",
        "pk": 107,
        "fields": {
            "name": "Can delete Client contact",
            "content_type": 27,
            "codename": "delete_contact"
        }
    },
    {
        "model": "auth.permission",
        "pk": 108,
        "fields": {
            "name": "Can view Client contact",
            "content_type": 27,
            "codename": "view_contact"
        }
    },
    {
        "model": "auth.permission",
        "pk": 109,
        "fields": {
            "name": "Can add image",
            "content_type": 28,
            "codename": "add_image"
        }
    },
    {
        "model": "auth.permission",
        "pk": 110,
        "fields": {
            "name": "Can change image",
            "content_type": 28,
            "codename": "change_image"
        }
    },
    {
        "model": "auth.permission",
        "pk": 111,
        "fields": {
            "name": "Can delete image",
            "content_type": 28,
            "codename": "delete_image"
        }
    },
    {
        "model": "auth.permission",
        "pk": 112,
        "fields": {
            "name": "Can view image",
            "content_type": 28,
            "codename": "view_image"
        }
    },
    {
        "model": "auth.permission",
        "pk": 113,
        "fields": {
            "name": "Can add Squad",
            "content_type": 29,
            "codename": "add_team"
        }
    },
    {
        "model": "auth.permission",
        "pk": 114,
        "fields": {
            "name": "Can change Squad",
            "content_type": 29,
            "codename": "change_team"
        }
    },
    {
        "model": "auth.permission",
        "pk": 115,
        "fields": {
            "name": "Can delete Squad",
            "content_type": 29,
            "codename": "delete_team"
        }
    },
    {
        "model": "auth.permission",
        "pk": 116,
        "fields": {
            "name": "Can view Squad",
            "content_type": 29,
            "codename": "view_team"
        }
    },
    {
        "model": "auth.permission",
        "pk": 117,
        "fields": {
            "name": "Can add why choose us ",
            "content_type": 30,
            "codename": "add_why_choose_us"
        }
    },
    {
        "model": "auth.permission",
        "pk": 118,
        "fields": {
            "name": "Can change why choose us ",
            "content_type": 30,
            "codename": "change_why_choose_us"
        }
    },
    {
        "model": "auth.permission",
        "pk": 119,
        "fields": {
            "name": "Can delete why choose us ",
            "content_type": 30,
            "codename": "delete_why_choose_us"
        }
    },
    {
        "model": "auth.permission",
        "pk": 120,
        "fields": {
            "name": "Can view why choose us ",
            "content_type": 30,
            "codename": "view_why_choose_us"
        }
    },
    {
        "model": "auth.permission",
        "pk": 121,
        "fields": {
            "name": "Can add chat",
            "content_type": 31,
            "codename": "add_chat"
        }
    },
    {
        "model": "auth.permission",
        "pk": 122,
        "fields": {
            "name": "Can change chat",
            "content_type": 31,
            "codename": "change_chat"
        }
    },
    {
        "model": "auth.permission",
        "pk": 123,
        "fields": {
            "name": "Can delete chat",
            "content_type": 31,
            "codename": "delete_chat"
        }
    },
    {
        "model": "auth.permission",
        "pk": 124,
        "fields": {
            "name": "Can view chat",
            "content_type": 31,
            "codename": "view_chat"
        }
    },
    {
        "model": "auth.permission",
        "pk": 125,
        "fields": {
            "name": "Can add carousel",
            "content_type": 32,
            "codename": "add_carousel"
        }
    },
    {
        "model": "auth.permission",
        "pk": 126,
        "fields": {
            "name": "Can change carousel",
            "content_type": 32,
            "codename": "change_carousel"
        }
    },
    {
        "model": "auth.permission",
        "pk": 127,
        "fields": {
            "name": "Can delete carousel",
            "content_type": 32,
            "codename": "delete_carousel"
        }
    },
    {
        "model": "auth.permission",
        "pk": 128,
        "fields": {
            "name": "Can view carousel",
            "content_type": 32,
            "codename": "view_carousel"
        }
    },
    {
        "model": "auth.permission",
        "pk": 129,
        "fields": {
            "name": "Can add doctor availability",
            "content_type": 33,
            "codename": "add_doctoravailability"
        }
    },
    {
        "model": "auth.permission",
        "pk": 130,
        "fields": {
            "name": "Can change doctor availability",
            "content_type": 33,
            "codename": "change_doctoravailability"
        }
    },
    {
        "model": "auth.permission",
        "pk": 131,
        "fields": {
            "name": "Can delete doctor availability",
            "content_type": 33,
            "codename": "delete_doctoravailability"
        }
    },
    {
        "model": "auth.permission",
        "pk": 132,
        "fields": {
            "name": "Can view doctor availability",
            "content_type": 33,
            "codename": "view_doctoravailability"
        }
    },
    {
        "model": "auth.permission",
        "pk": 133,
        "fields": {
            "name": "Can add order",
            "content_type": 34,
            "codename": "add_order"
        }
    },
    {
        "model": "auth.permission",
        "pk": 134,
        "fields": {
            "name": "Can change order",
            "content_type": 34,
            "codename": "change_order"
        }
    },
    {
        "model": "auth.permission",
        "pk": 135,
        "fields": {
            "name": "Can delete order",
            "content_type": 34,
            "codename": "delete_order"
        }
    },
    {
        "model": "auth.permission",
        "pk": 136,
        "fields": {
            "name": "Can view order",
            "content_type": 34,
            "codename": "view_order"
        }
    },
    {
        "model": "auth.permission",
        "pk": 137,
        "fields": {
            "name": "Can add order item",
            "content_type": 35,
            "codename": "add_orderitem"
        }
    },
    {
        "model": "auth.permission",
        "pk": 138,
        "fields": {
            "name": "Can change order item",
            "content_type": 35,
            "codename": "change_orderitem"
        }
    },
    {
        "model": "auth.permission",
        "pk": 139,
        "fields": {
            "name": "Can delete order item",
            "content_type": 35,
            "codename": "delete_orderitem"
        }
    },
    {
        "model": "auth.permission",
        "pk": 140,
        "fields": {
            "name": "Can view order item",
            "content_type": 35,
            "codename": "view_orderitem"
        }
    },
    {
        "model": "auth.user",
        "pk": 1,
        "fields": {
            "password": "pbkdf2_sha256$600000$9KjTIjdsA3soHm1mW7vyOW$NO2UDYNEJD3Qyi4UEyv2uY1TnZ/S9jqiL8+5TtSRFQA=",
            "last_login": "2024-06-15T00:34:06.916Z",
            "is_superuser": true,
            "username": "ludmil",
            "first_name": "ludmil",
            "last_name": "Avelino",
            "email": "ludmilpaulo@gmail.com",
            "is_staff": true,
            "is_active": true,
            "date_joined": "2024-06-15T00:33:52.405Z",
            "groups": [],
            "user_permissions": []
        }
    },
    {
        "model": "auth.user",
        "pk": 2,
        "fields": {
            "password": "pbkdf2_sha256$600000$hfyOzFAEbAvhhHHQ3Dw83b$TGhVhxSqoYK9D3jHETrbOqZuzL/vXgEJInuZ8d4h8Sg=",
            "last_login": null,
            "is_superuser": false,
            "username": "J2",
            "first_name": "",
            "last_name": "",
            "email": "betu4ever@gmail.com",
            "is_staff": false,
            "is_active": true,
            "date_joined": "2024-06-15T20:38:56.961Z",
            "groups": [],
            "user_permissions": []
        }
    },
    {
        "model": "auth.user",
        "pk": 3,
        "fields": {
            "password": "pbkdf2_sha256$600000$SrGkAiVdt5xTaVvwdRCaQx$NPQVa+hIKZcObD3J3tanB0vGdUgvNhgyKicaKoWzP/E=",
            "last_login": null,
            "is_superuser": false,
            "username": "J3",
            "first_name": "",
            "last_name": "",
            "email": "joel9608@gmail.com",
            "is_staff": false,
            "is_active": true,
            "date_joined": "2024-06-17T14:41:33.980Z",
            "groups": [],
            "user_permissions": []
        }
    },
    {
        "model": "contenttypes.contenttype",
        "pk": 1,
        "fields": {
            "app_label": "admin",
            "model": "logentry"
        }
    },
    {
        "model": "contenttypes.contenttype",
        "pk": 2,
        "fields": {
            "app_label": "auth",
            "model": "permission"
        }
    },
    {
        "model": "contenttypes.contenttype",
        "pk": 3,
        "fields": {
            "app_label": "auth",
            "model": "group"
        }
    },
    {
        "model": "contenttypes.contenttype",
        "pk": 4,
        "fields": {
            "app_label": "auth",
            "model": "user"
        }
    },
    {
        "model": "contenttypes.contenttype",
        "pk": 5,
        "fields": {
            "app_label": "contenttypes",
            "model": "contenttype"
        }
    },
    {
        "model": "contenttypes.contenttype",
        "pk": 6,
        "fields": {
            "app_label": "sessions",
            "model": "session"
        }
    },
    {
        "model": "contenttypes.contenttype",
        "pk": 7,
        "fields": {
            "app_label": "authtoken",
            "model": "token"
        }
    },
    {
        "model": "contenttypes.contenttype",
        "pk": 8,
        "fields": {
            "app_label": "authtoken",
            "model": "tokenproxy"
        }
    },
    {
        "model": "contenttypes.contenttype",
        "pk": 9,
        "fields": {
            "app_label": "accounts",
            "model": "doctorprofile"
        }
    },
    {
        "model": "contenttypes.contenttype",
        "pk": 10,
        "fields": {
            "app_label": "accounts",
            "model": "consultationcategory"
        }
    },
    {
        "model": "contenttypes.contenttype",
        "pk": 11,
        "fields": {
            "app_label": "accounts",
            "model": "concretedoctorprofile"
        }
    },
    {
        "model": "contenttypes.contenttype",
        "pk": 12,
        "fields": {
            "app_label": "accounts",
            "model": "document"
        }
    },
    {
        "model": "contenttypes.contenttype",
        "pk": 13,
        "fields": {
            "app_label": "accounts",
            "model": "managementprofile"
        }
    },
    {
        "model": "contenttypes.contenttype",
        "pk": 14,
        "fields": {
            "app_label": "accounts",
            "model": "patientprofile"
        }
    },
    {
        "model": "contenttypes.contenttype",
        "pk": 15,
        "fields": {
            "app_label": "pharmacy",
            "model": "consultationcategory"
        }
    },
    {
        "model": "contenttypes.contenttype",
        "pk": 16,
        "fields": {
            "app_label": "pharmacy",
            "model": "image"
        }
    },
    {
        "model": "contenttypes.contenttype",
        "pk": 17,
        "fields": {
            "app_label": "pharmacy",
            "model": "revenue"
        }
    },
    {
        "model": "contenttypes.contenttype",
        "pk": 18,
        "fields": {
            "app_label": "pharmacy",
            "model": "cart"
        }
    },
    {
        "model": "contenttypes.contenttype",
        "pk": 19,
        "fields": {
            "app_label": "pharmacy",
            "model": "drug"
        }
    },
    {
        "model": "contenttypes.contenttype",
        "pk": 20,
        "fields": {
            "app_label": "pharmacy",
            "model": "cartitem"
        }
    },
    {
        "model": "contenttypes.contenttype",
        "pk": 21,
        "fields": {
            "app_label": "pharmacy",
            "model": "prescription"
        }
    },
    {
        "model": "contenttypes.contenttype",
        "pk": 22,
        "fields": {
            "app_label": "pharmacy",
            "model": "prescriptiondrug"
        }
    },
    {
        "model": "contenttypes.contenttype",
        "pk": 23,
        "fields": {
            "app_label": "appointments",
            "model": "billing"
        }
    },
    {
        "model": "contenttypes.contenttype",
        "pk": 24,
        "fields": {
            "app_label": "appointments",
            "model": "medicalrecord"
        }
    },
    {
        "model": "contenttypes.contenttype",
        "pk": 25,
        "fields": {
            "app_label": "appointments",
            "model": "appointment"
        }
    },
    {
        "model": "contenttypes.contenttype",
        "pk": 26,
        "fields": {
            "app_label": "information",
            "model": "aboutus"
        }
    },
    {
        "model": "contenttypes.contenttype",
        "pk": 27,
        "fields": {
            "app_label": "information",
            "model": "contact"
        }
    },
    {
        "model": "contenttypes.contenttype",
        "pk": 28,
        "fields": {
            "app_label": "information",
            "model": "image"
        }
    },
    {
        "model": "contenttypes.contenttype",
        "pk": 29,
        "fields": {
            "app_label": "information",
            "model": "team"
        }
    },
    {
        "model": "contenttypes.contenttype",
        "pk": 30,
        "fields": {
            "app_label": "information",
            "model": "why_choose_us"
        }
    },
    {
        "model": "contenttypes.contenttype",
        "pk": 31,
        "fields": {
            "app_label": "information",
            "model": "chat"
        }
    },
    {
        "model": "contenttypes.contenttype",
        "pk": 32,
        "fields": {
            "app_label": "information",
            "model": "carousel"
        }
    },
    {
        "model": "contenttypes.contenttype",
        "pk": 33,
        "fields": {
            "app_label": "management",
            "model": "doctoravailability"
        }
    },
    {
        "model": "contenttypes.contenttype",
        "pk": 34,
        "fields": {
            "app_label": "orders",
            "model": "order"
        }
    },
    {
        "model": "contenttypes.contenttype",
        "pk": 35,
        "fields": {
            "app_label": "orders",
            "model": "orderitem"
        }
    },
    {
        "model": "sessions.session",
        "pk": "wj58y2hk2sozmdkvvd95nbxvksquryud",
        "fields": {
            "session_data": ".eJxVjEEOwiAQRe_C2hBlYACX7nsGMgxUqgaS0q6MdzckXej2v_f-WwTatxL2ntewJHEVF3H63SLxM9cB0oPqvUludVuXKIciD9rl1FJ-3Q7376BQL6Nmf7aIKhE4BzOrxLOHzBq9Z4CYwLONaBQSKWKTs9bIxjomshiN-HwB9Dw4dA:1sIHMs:HvZuJKY6P1j3J0bCfhM2bW4qIx9g3h-Q2jLaWG2DpuI",
            "expire_date": "2024-06-29T00:34:06.929Z"
        }
    },
    {
        "model": "pharmacy.image",
        "pk": 10,
        "fields": {
            "image": "drug_images/cialis_generic_2PvLAIV.png"
        }
    },
    {
        "model": "pharmacy.image",
        "pk": 11,
        "fields": {
            "image": "drug_images/climax_delay_back_2_Ylv8ubD.png"
        }
    },
    {
        "model": "pharmacy.image",
        "pk": 12,
        "fields": {
            "image": "drug_images/climax_delay_back_tuUmrxv.png"
        }
    },
    {
        "model": "pharmacy.image",
        "pk": 13,
        "fields": {
            "image": "drug_images/libido_enhancer_2_EF6rxw3.png"
        }
    },
    {
        "model": "pharmacy.image",
        "pk": 14,
        "fields": {
            "image": "drug_images/libido_enhancer_back_2_Vax5gG9.png"
        }
    },
    {
        "model": "pharmacy.image",
        "pk": 15,
        "fields": {
            "image": "drug_images/libido_enhancer_back_loaSF7u.png"
        }
    },
    {
        "model": "pharmacy.image",
        "pk": 16,
        "fields": {
            "image": "drug_images/libido_enhancer.png"
        }
    },
    {
        "model": "pharmacy.image",
        "pk": 17,
        "fields": {
            "image": "drug_images/massage_gel_back.png"
        }
    },
    {
        "model": "pharmacy.image",
        "pk": 18,
        "fields": {
            "image": "drug_images/massage_gel.png"
        }
    },
    {
        "model": "pharmacy.image",
        "pk": 19,
        "fields": {
            "image": "drug_images/muscle_enhancer_back.png"
        }
    },
    {
        "model": "pharmacy.image",
        "pk": 20,
        "fields": {
            "image": "drug_images/muscle_enhancer.png"
        }
    },
    {
        "model": "pharmacy.image",
        "pk": 21,
        "fields": {
            "image": "drug_images/muscle_enlargement_2.png"
        }
    },
    {
        "model": "pharmacy.image",
        "pk": 22,
        "fields": {
            "image": "drug_images/muscle_enlargement_back_2.png"
        }
    },
    {
        "model": "pharmacy.image",
        "pk": 23,
        "fields": {
            "image": "drug_images/muscle_enlargement_back.png"
        }
    },
    {
        "model": "pharmacy.image",
        "pk": 24,
        "fields": {
            "image": "drug_images/muscle_enlargement.png"
        }
    },
    {
        "model": "pharmacy.image",
        "pk": 25,
        "fields": {
            "image": "drug_images/natural_hormone_regulator_2.png"
        }
    },
    {
        "model": "pharmacy.image",
        "pk": 26,
        "fields": {
            "image": "drug_images/natural_hormone_regulator_3.png"
        }
    },
    {
        "model": "pharmacy.image",
        "pk": 27,
        "fields": {
            "image": "drug_images/natural_hormone_regulator_back_2.png"
        }
    },
    {
        "model": "pharmacy.image",
        "pk": 28,
        "fields": {
            "image": "drug_images/natural_hormone_regulator_back.png"
        }
    },
    {
        "model": "pharmacy.image",
        "pk": 29,
        "fields": {
            "image": "drug_images/natural_hormone_regulator.png"
        }
    },
    {
        "model": "pharmacy.image",
        "pk": 30,
        "fields": {
            "image": "drug_images/organic_tadafil_2.png"
        }
    },
    {
        "model": "pharmacy.image",
        "pk": 31,
        "fields": {
            "image": "drug_images/organic_tadafil_back_2.png"
        }
    },
    {
        "model": "pharmacy.image",
        "pk": 32,
        "fields": {
            "image": "drug_images/organic_tadafil_back.png"
        }
    },
    {
        "model": "pharmacy.image",
        "pk": 33,
        "fields": {
            "image": "drug_images/organic_tadafil.png"
        }
    },
    {
        "model": "pharmacy.image",
        "pk": 34,
        "fields": {
            "image": "drug_images/organic_testosterone_booster_2.png"
        }
    },
    {
        "model": "pharmacy.image",
        "pk": 35,
        "fields": {
            "image": "drug_images/organic_testosterone_booster_back_2.png"
        }
    },
    {
        "model": "pharmacy.image",
        "pk": 36,
        "fields": {
            "image": "drug_images/organic_testosterone_booster_back.png"
        }
    },
    {
        "model": "pharmacy.image",
        "pk": 37,
        "fields": {
            "image": "drug_images/organic_testosterone_booster.png"
        }
    },
    {
        "model": "pharmacy.consultationcategory",
        "pk": 2,
        "fields": {
            "name": "Sexual Health Supplements"
        }
    },
    {
        "model": "pharmacy.consultationcategory",
        "pk": 3,
        "fields": {
            "name": "Libido Boosters"
        }
    },
    {
        "model": "pharmacy.consultationcategory",
        "pk": 4,
        "fields": {
            "name": "Muscle Growth Supplements"
        }
    },
    {
        "model": "pharmacy.consultationcategory",
        "pk": 5,
        "fields": {
            "name": "2"
        }
    },
    {
        "model": "pharmacy.drug",
        "pk": 2,
        "fields": {
            "name": "Dasha Tadavi Extra Strong Cialis Generic",
            "category": 2,
            "description": "<h3>Dasha Tadavi Extra Strong Cialis Generic - 40 mg (4 Tablets)</h3><p>Unlock Your Full Potential</p><p>Are you looking for a reliable and effective solution to enhance your performance and boost your confidence? Look no further! Introducing <strong>Dasha Tadavi Extra Strong Cialis Generic</strong>, a powerful and trusted medication designed to help you achieve peak performance when you need it the most.</p><p>Key Features:</p><ul><li><strong>Extra Strong Formula</strong>: With 40 mg of active ingredient, this potent formulation ensures maximum efficacy for optimal results.</li><li><strong>Reliable Performance</strong>: Known for its dependable and consistent effects, Cialis Generic helps you stay ready whenever the moment strikes.</li><li><strong>Convenient Dosage</strong>: Each bottle contains 4 tablets, providing you with multiple doses for long-lasting benefits.</li><li><strong>Trusted Brand</strong>: Manufactured by Dasha Tadavi, a name synonymous with quality and reliability in the pharmaceutical industry.</li></ul><p>Benefits:</p><ul><li><strong>Enhanced Stamina</strong>: Experience increased endurance and prolonged performance, allowing you to make the most of every moment.</li><li><strong>Quick Onset</strong>: Start feeling the effects within a short period, ensuring you're always prepared.</li><li><strong>Prolonged Duration</strong>: Enjoy the benefits for an extended period, giving you the confidence to perform without worry.</li><li><strong>Minimal Side Effects</strong>: Carefully formulated to minimize adverse reactions, ensuring a safe and pleasant experience.</li></ul><p>Why Choose Dasha Tadavi Extra Strong Cialis Generic?</p><ul><li><strong>High-Quality Ingredients</strong>: We use only the finest ingredients to ensure safety and effectiveness.</li><li><strong>Affordable</strong>: Get the performance boost you need without breaking the bank.</li><li><strong>Discreet Packaging</strong>: Shipped in plain packaging to maintain your privacy.</li></ul><p>How to Use:</p><ol><li><strong>Take as Needed</strong>: Simply take one tablet with water when you need it, preferably 30 minutes before activity.</li><li><strong>Avoid Overuse</strong>: Do not exceed the recommended dosage to avoid potential side effects.</li><li><strong>Consult Your Doctor</strong>: If you have any pre-existing conditions or are taking other medications, please consult with your healthcare provider before use.</li></ol><h3>Order Now and Experience the Difference!</h3><p>Don't let anything hold you back. Unlock your full potential with <strong>Dasha Tadavi Extra Strong Cialis Generic</strong> and enjoy the confidence and performance you deserve. Order today and take the first step towards a more fulfilling and satisfying life!</p>",
            "price": "250.00",
            "quantity_available": 9,
            "images": [
                11,
                12
            ]
        }
    },
    {
        "model": "pharmacy.drug",
        "pk": 3,
        "fields": {
            "name": "Libido Enhancer",
            "category": 3,
            "description": "<ul><li><strong>Dasha Plus Libido Enhancer - 60 Capsules</strong></li><li><strong>Revitalize Your Intimacy with Dasha Plus Libido Enhancer!</strong></li><li><strong>Key Features:</strong></li><li><strong>Premium Ingredients:</strong> Contains a proprietary blend of powerful herbs including Eurycoma Longifolia, Flos Cathermi, Rhizoma Curcumrae Longae, Ginkgo Biloba, Herba Epimedii, Herba Cistanche, Astragalus Membranaceus, Momordica Charantia, and Bioperene.</li><li><strong>Enhanced Libido:</strong> Formulated to naturally boost libido and enhance sexual desire and performance.</li><li><strong>Balanced Formula:</strong> Provides a balanced approach to improving sexual health and overall well-being.</li><li><strong>Convenient Capsule Form:</strong> Easy to take, making it simple to incorporate into your daily routine.</li><li><strong>Benefits:</strong></li><li><strong>Increased Libido:</strong> Helps to enhance sexual desire, making intimate moments more enjoyable.</li><li><strong>Improved Performance:</strong> Supports better sexual performance and stamina.</li><li><strong>Natural Ingredients:</strong> Utilizes a blend of natural herbs known for their aphrodisiac properties.</li><li><strong>Quick and Effective:</strong> Noticeable improvements in libido and performance within a short period of use.</li><li><strong>Why Choose Dasha Plus Libido Enhancer?</strong></li><li><strong>Trusted Brand:</strong> Dasha Plus is a reputable brand dedicated to high-quality supplements.</li><li><strong>Positive Customer Feedback:</strong> Numerous satisfied customers have experienced the benefits of Dasha Plus Libido Enhancer.</li><li><strong>Safe and Natural:</strong> Made with natural ingredients to ensure safety and efficacy.</li><li><strong>How to Use:</strong></li><li><strong>Dosage:</strong> Take one capsule with a glass of water two times a day.</li><li><strong>Consistency:</strong> For optimal results, continue taking the capsules regularly.</li><li><strong>Storage:</strong> Store in a cool place below 25\u00b0C. Keep out of reach of children and uninformed persons.</li><li><strong>Order Now and Experience the Difference!</strong></li><li><strong>Easy Online Ordering:</strong> Order Dasha Plus Libido Enhancer easily from our website.</li><li><strong>Fast Delivery:</strong> Enjoy swift and reliable delivery to your location.</li><li><strong>Money-Back Guarantee:</strong> We offer a money-back guarantee if you are not satisfied with the results.</li><li>Rediscover your passion and improve your intimate life with Dasha Plus Libido Enhancer. Order now and feel the difference!</li></ul>",
            "price": "350.00",
            "quantity_available": 4,
            "images": [
                13,
                14,
                15,
                16
            ]
        }
    },
    {
        "model": "pharmacy.drug",
        "pk": 4,
        "fields": {
            "name": "Muscle Enhancer",
            "category": 4,
            "description": "<p><strong>Dasha Plus Muscle Enhancer - 90 Capsules</strong></p><p><strong>Unlock Your Full Potential with Dasha Plus Muscle Enhancer!</strong></p><p><strong>Key Features:</strong></p><ul><li><strong>High-Quality Ingredients:</strong> Contains a potent blend of natural ingredients, including Tribulus Terrestris, Epimedium, Cuscuta, Ginkgo Biloba, Hawthorn Berry, Muira Puama, Catuaba, and Bioperene.</li><li><strong>Scientifically Formulated:</strong> Designed to support muscle growth, enhance physical performance, and improve overall strength.</li><li><strong>Safe and Effective:</strong> Minimal side effects with maximum benefits, ensuring a safe way to enhance your muscle mass.</li><li><strong>Easy to Use:</strong> Comes in convenient capsule form, making it easy to integrate into your daily routine.</li></ul><p><strong>Benefits:</strong></p><ul><li><strong>Enhanced Muscle Growth:</strong> Promotes increased muscle mass and strength, helping you achieve your fitness goals faster.</li><li><strong>Improved Performance:</strong> Boosts your physical performance, allowing you to train harder and longer.</li><li><strong>Natural Ingredients:</strong> Made from high-quality, natural ingredients that support your body's muscle-building processes.</li><li><strong>Quick Results:</strong> Noticeable improvements in muscle mass and strength within a few weeks of consistent use.</li></ul><p><strong>Why Choose Dasha Plus Muscle Enhancer?</strong></p><ul><li><strong>Trusted Brand:</strong> Dasha Plus is a well-known brand committed to providing high-quality supplements.</li><li><strong>Customer Satisfaction:</strong> Thousands of satisfied customers have experienced the benefits of Dasha Plus Muscle Enhancer.</li><li><strong>Comprehensive Support:</strong> Not just a supplement, but a complete support system for your muscle enhancement journey.</li></ul><p><strong>How to Use:</strong></p><ul><li><strong>Dosage:</strong> Take one capsule with a glass of water three times a day.</li><li><strong>Consistency:</strong> For the best results, continue taking the capsules for at least 4 months.</li><li><strong>Storage:</strong> Store in a cool place below 25\u00b0C. Keep out of reach of children and uninformed persons.</li></ul><p><strong>Order Now and Experience the Difference!</strong></p><ul><li><strong>Easy Online Ordering:</strong> Conveniently order Dasha Plus Muscle Enhancer from our website.</li><li><strong>Fast Delivery:</strong> Enjoy quick and reliable delivery to your doorstep.</li><li><strong>Money-Back Guarantee:</strong> If you're not satisfied with the results, we offer a money-back guarantee for your peace of mind.</li></ul><p>Unlock your full potential and achieve your fitness goals with Dasha Plus Muscle Enhancer. Order now and experience the difference!</p>",
            "price": "450.00",
            "quantity_available": 14,
            "images": [
                19,
                20,
                21,
                22,
                23,
                24
            ]
        }
    },
    {
        "model": "pharmacy.drug",
        "pk": 5,
        "fields": {
            "name": "Dasha Plus Libido Enhancer",
            "category": 3,
            "description": "<h3>Dasha Plus Libido Enhancer</h3><p>&nbsp;</p><p><strong>Full Description:</strong></p><p><strong>Dasha Plus Libido Enhancer - 60 Capsules</strong></p><p><strong>Revitalize Your Intimacy with Dasha Plus Libido Enhancer!</strong></p><p><strong>Key Features:</strong></p><ul><li><strong>Premium Ingredients:</strong> Contains a proprietary blend of Eurycoma Longifolia, Flos Cathermi, and Rhizoma Curcumrae Longae.</li><li><strong>Boosts Libido:</strong> Naturally enhances sexual desire and performance.</li><li><strong>Supports Stamina:</strong> Improves endurance and overall sexual health.</li><li><strong>All-Natural Formula:</strong> Free from artificial additives and harmful chemicals.</li></ul><p><strong>Benefits:</strong></p><ul><li><strong>Increases Libido:</strong> Helps enhance sexual desire and intimacy.</li><li><strong>Improves Performance:</strong> Supports better sexual performance and satisfaction.</li><li><strong>Natural and Safe:</strong> Made with 100% natural ingredients for peace of mind.</li><li><strong>Boosts Mood:</strong> Enhances mood and energy levels, reducing stress.</li></ul><p><strong>Why Choose Dasha Plus Libido Enhancer?</strong></p><ul><li><strong>Trusted Brand:</strong> Known for quality and customer satisfaction.</li><li><strong>Positive Feedback:</strong> Highly rated by users for its effectiveness.</li><li><strong>Comprehensive Support:</strong> Provides holistic support for sexual health.</li></ul><p><strong>How to Use:</strong></p><ul><li><strong>Dosage:</strong> Take one capsule twice daily with water.</li><li><strong>Consistency:</strong> For best results, use regularly.</li><li><strong>Storage:</strong> Store in a cool, dry place, away from sunlight.</li></ul><p><strong>Order Now and Experience the Difference!</strong></p><ul><li><strong>Easy Online Ordering:</strong> Order Dasha Plus online for convenience.</li><li><strong>Fast Shipping:</strong> Receive your product quickly and discreetly.</li><li><strong>Money-Back Guarantee:</strong> Enjoy a money-back guarantee if you\u2019re not satisfied.</li></ul><p>Rediscover your passion and enhance your intimate life with Dasha Plus Libido Enhancer. Order now and feel the difference!</p>",
            "price": "350.00",
            "quantity_available": 8,
            "images": [
                13,
                14,
                15,
                16
            ]
        }
    },
    {
        "model": "pharmacy.drug",
        "pk": 6,
        "fields": {
            "name": "Dasha Maca Natural Hormone Regulator",
            "category": 2,
            "description": "<p><strong>Dasha Maca Natural Hormone Regulator - 90 Capsules</strong><br>&nbsp;</p><p><strong>Balance Your Hormones with Dasha Maca Natural Hormone Regulator!</strong></p><p><strong>Key Features:</strong></p><ul><li><strong>Rich in Nutrients:</strong> Contains pure Maca root extract, known for its hormone-balancing properties.</li><li><strong>Supports Vitality:</strong> Enhances energy, stamina, and overall well-being.</li><li><strong>Natural and Pure:</strong> Free from synthetic additives, using only the finest Maca root.</li><li><strong>Enhances Mood:</strong> Helps balance mood swings and reduces stress.</li></ul><p><strong>Benefits:</strong></p><ul><li><strong>Hormone Balance:</strong> Supports natural hormone regulation, improving libido and energy.</li><li><strong>Boosts Stamina:</strong> Enhances physical stamina and endurance.</li><li><strong>Promotes Wellness:</strong> Supports overall health and vitality.</li><li><strong>Safe and Natural:</strong> Made from 100% natural ingredients.</li></ul><p><strong>Why Choose Dasha Maca Natural Hormone Regulator?</strong></p><ul><li><strong>High-Quality Maca:</strong> Uses premium Maca root for maximum benefits.</li><li><strong>Trusted Formula:</strong> Recommended by health professionals for hormone support.</li><li><strong>Positive Customer Feedback:</strong> Loved by users for its effectiveness and safety.</li></ul><p><strong>How to Use:</strong></p><ul><li><strong>Dosage:</strong> Take one capsule twice daily with meals.</li><li><strong>Consistency:</strong> For best results, use consistently over a period of 3-6 months.</li><li><strong>Storage:</strong> Store in a cool, dry place, away from direct sunlight.</li></ul><p><strong>Order Now and Experience the Difference!</strong></p><ul><li><strong>Easy Purchase:</strong> Order Dasha Maca online today.</li><li><strong>Fast Shipping:</strong> Get your product delivered quickly and discreetly.</li><li><strong>Money-Back Guarantee:</strong> We offer a full refund if you\u2019re not satisfied with the results.</li></ul><p>Regulate your hormones naturally with Dasha Maca Natural Hormone Regulator. Order now and feel revitalized!</p>",
            "price": "390.00",
            "quantity_available": 10,
            "images": [
                25,
                26,
                27,
                28,
                29
            ]
        }
    },
    {
        "model": "pharmacy.drug",
        "pk": 7,
        "fields": {
            "name": "TestoBoost Organic Testosterone Booster",
            "category": 2,
            "description": "<p><strong>TestoBoost Organic Testosterone Booster - 60 Capsules</strong></p><p><strong>Boost Your Vitality with TestoBoost Organic Testosterone Booster!</strong></p><p><strong>Key Features:</strong></p><ul><li><strong>Powerful Ingredients:</strong> Features a blend of natural ingredients including Tribulus Terrestris, Fenugreek, and Ashwagandha.</li><li><strong>Supports Hormonal Balance:</strong> Aids in boosting testosterone levels naturally.</li><li><strong>Enhances Muscle Mass:</strong> Promotes muscle growth and strength.</li><li><strong>All-Natural Formula:</strong> Free from artificial additives and preservatives.</li></ul><p><strong>Benefits:</strong></p><ul><li><strong>Increases Testosterone:</strong> Helps raise testosterone levels, enhancing energy and libido.</li><li><strong>Improves Muscle Mass:</strong> Supports muscle growth and recovery after workouts.</li><li><strong>Enhances Mood:</strong> Boosts mood and mental clarity, reducing stress.</li><li><strong>Natural and Safe:</strong> Utilizes only the finest natural ingredients.</li></ul><p><strong>Why Choose TestoBoost Organic Testosterone Booster?</strong></p><ul><li><strong>Trusted Brand:</strong> Known for quality and effectiveness in testosterone support.</li><li><strong>Positive Reviews:</strong> Highly rated by customers for its benefits.</li><li><strong>Comprehensive Support:</strong> Provides a holistic approach to testosterone enhancement.</li></ul><p><strong>How to Use:</strong></p><ul><li><strong>Dosage:</strong> Take two capsules daily with water, preferably with a meal.</li><li><strong>Consistency:</strong> For optimal results, use regularly as part of your routine.</li><li><strong>Storage:</strong> Store in a cool, dry place away from direct sunlight.</li></ul><p><strong>Order Now and Experience the Difference!</strong></p><ul><li><strong>Simple Ordering:</strong> Order TestoBoost online with ease.</li><li><strong>Quick Delivery:</strong> Enjoy prompt delivery right to your door.</li><li><strong>Money-Back Guarantee:</strong> Satisfaction guaranteed or your money back.</li></ul><p>Elevate your vitality and muscle strength with TestoBoost Organic Testosterone Booster. Order now and feel the change!</p>",
            "price": "420.00",
            "quantity_available": 13,
            "images": [
                34,
                35,
                36,
                37
            ]
        }
    },
    {
        "model": "pharmacy.drug",
        "pk": 8,
        "fields": {
            "name": "Natural Penile Firmness System Massage Ge",
            "category": 2,
            "description": "<p><strong>Natural Penile Firmness System Massage Gel - 100ml</strong></p><p><strong>Achieve Better Performance with Natural Penile Firmness System Massage Gel!</strong></p><p><strong>Key Features:</strong></p><ul><li><strong>Clinically Formulated:</strong> Combines natural ingredients like Ginkgo Biloba, Epimedium, and Aloe Vera to support penile health and firmness.</li><li><strong>Enhances Sensitivity:</strong> Promotes better sensitivity and improved erectile function.</li><li><strong>Non-Greasy Formula:</strong> Absorbs quickly, leaving no sticky residue.</li><li><strong>Easy to Use:</strong> Designed for easy application, enhancing your routine without hassle.</li></ul><p><strong>Benefits:</strong></p><ul><li><strong>Improves Firmness:</strong> Supports better penile firmness for enhanced performance.</li><li><strong>Increases Sensitivity:</strong> Helps increase sensitivity and sexual pleasure.</li><li><strong>Natural Ingredients:</strong> Made with safe, natural ingredients for peace of mind.</li><li><strong>Fast-Acting:</strong> Experience noticeable effects with regular use.</li></ul><p><strong>Why Choose Natural Penile Firmness System Massage Gel?</strong></p><ul><li><strong>Safe and Effective:</strong> Formulated with natural extracts known for their benefits.</li><li><strong>Customer Satisfaction:</strong> Highly recommended by users for its effectiveness.</li><li><strong>Discreet Packaging:</strong> Comes in discreet packaging for your privacy.</li></ul><p><strong>How to Use:</strong></p><ul><li><strong>Application:</strong> Apply a small amount to the penile area and massage gently.</li><li><strong>Frequency:</strong> Use daily for best results.</li><li><strong>Storage:</strong> Keep in a cool, dry place. Avoid direct sunlight.</li></ul><p><strong>Order Now and Experience the Difference!</strong></p><ul><li><strong>Easy Online Ordering:</strong> Order directly from our website for convenience.</li><li><strong>Fast Shipping:</strong> Get quick delivery to your doorstep.</li><li><strong>Satisfaction Guarantee:</strong> Enjoy a money-back guarantee if you are not satisfied with the results.</li></ul><p>Unlock your confidence and enhance your performance with Natural Penile Firmness System Massage Gel. Order now and feel the difference!</p>",
            "price": "300.00",
            "quantity_available": 24,
            "images": [
                17,
                18
            ]
        }
    },
    {
        "model": "pharmacy.drug",
        "pk": 9,
        "fields": {
            "name": "Dasha Plus Muscle Enhancer",
            "category": 5,
            "description": "<p><strong>Dasha Plus Muscle Enhancer - 90 Capsules</strong></p><p><strong>Unlock Your Full Potential with Dasha Plus Muscle Enhancer!</strong></p><p><strong>Key Features:</strong></p><ul><li><strong>High-Quality Ingredients:</strong> Contains a potent blend of natural ingredients, including Tribulus Terrestris, Epimedium, Cuscuta, Ginkgo Biloba, Hawthorn Berry, Muira Puama, Catuaba, and Bioperene.</li><li><strong>Scientifically Formulated:</strong> Designed to support muscle growth, enhance physical performance, and improve overall strength.</li><li><strong>Safe and Effective:</strong> Minimal side effects with maximum benefits, ensuring a safe way to enhance your muscle mass.</li><li><strong>Easy to Use:</strong> Comes in convenient capsule form, making it easy to integrate into your daily routine.</li></ul><p><strong>Benefits:</strong></p><ul><li><strong>Enhanced Muscle Growth:</strong> Promotes increased muscle mass and strength, helping you achieve your fitness goals faster.</li><li><strong>Improved Performance:</strong> Boosts your physical performance, allowing you to train harder and longer.</li><li><strong>Natural Ingredients:</strong> Made from high-quality, natural ingredients that support your body's muscle-building processes.</li><li><strong>Quick Results:</strong> Noticeable improvements in muscle mass and strength within a few weeks of consistent use.</li></ul><p><strong>Why Choose Dasha Plus Muscle Enhancer?</strong></p><ul><li><strong>Trusted Brand:</strong> Dasha Plus is a well-known brand committed to providing high-quality supplements.</li><li><strong>Customer Satisfaction:</strong> Thousands of satisfied customers have experienced the benefits of Dasha Plus Muscle Enhancer.</li><li><strong>Comprehensive Support:</strong> Not just a supplement, but a complete support system for your muscle enhancement journey.</li></ul><p><strong>How to Use:</strong></p><ul><li><strong>Dosage:</strong> Take one capsule with a glass of water three times a day.</li><li><strong>Consistency:</strong> For the best results, continue taking the capsules for at least 4 months.</li><li><strong>Storage:</strong> Store in a cool place below 25\u00b0C. Keep out of reach of children and uninformed persons.</li></ul><p><strong>Order Now and Experience the Difference!</strong></p><ul><li><strong>Easy Online Ordering:</strong> Conveniently order Dasha Plus Muscle Enhancer from our website.</li><li><strong>Fast Delivery:</strong> Enjoy quick and reliable delivery to your doorstep.</li><li><strong>Money-Back Guarantee:</strong> If you're not satisfied with the results, we offer a money-back guarantee for your peace of mind.</li></ul><p>Unlock your full potential and achieve your fitness goals with Dasha Plus Muscle Enhancer. Order now and experience the difference!</p>",
            "price": "450.00",
            "quantity_available": 30,
            "images": [
                21,
                22,
                23,
                24
            ]
        }
    },
    {
        "model": "information.aboutus",
        "pk": 1,
        "fields": {
            "title": "Men's Clinic",
            "logo": "logo/logo2_w3URzZg.png",
            "backgroundImage": "Back_logo/logo1_T3M05PH.png",
            "backgroundApp": "Back_logo/IMG_0056.jpg",
            "about": "<h3>Men's Clinic - Comprehensive Men's Health Solutions</h3><p>At Men's Clinic, we are dedicated to providing specialized products and treatments designed exclusively for men's health. Our mission is to enhance your well-being with expert-approved solutions that address both physical and mental health needs.</p><h3>Our Commitment</h3><p>We understand that men's health encompasses a wide range of issues, from physical concerns like erectile dysfunction to mental health support. Our team of experienced professionals is committed to offering personalized care and top-quality products that promote overall health and vitality.</p><h3>Expert-Approved Treatments</h3><p>Our comprehensive range of treatments includes:</p><ul><li><strong>Erectile Dysfunction Solutions:</strong> Effective and safe treatments tailored to help you regain confidence and improve your quality of life.</li><li><strong>Mental Health Support:</strong> Professional guidance and products designed to support mental wellness, reduce stress, and enhance mental clarity.</li></ul><h3>Why Choose Men's Clinic?</h3><ul><li><strong>Personalized Care:</strong> We believe in a personalized approach to healthcare, ensuring that each treatment plan is tailored to meet your unique needs.</li><li><strong>Expert Team:</strong> Our team consists of highly qualified professionals who are dedicated to providing the best care and support for men's health.</li><li><strong>Quality Products:</strong> We offer only the highest quality, expert-approved products to ensure your health and well-being.</li></ul><h3>Our Vision</h3><p>Our vision is to be the leading provider of men's health solutions, known for our commitment to quality, innovation, and personalized care. We strive to empower men to take control of their health and live their best lives.</p><h3>Contact Us</h3><p>If you have any questions or need more information about our services and products, please don't hesitate to contact us. At Men's Clinic, we are here to support you on your journey to better health and well-being.</p>",
            "born_date": null,
            "address": null,
            "phone": "+27749288712",
            "email": "info@trustmensclinic.com",
            "github": null,
            "linkedin": null,
            "facebook": "https://www.facebook.com/profile.php?id=61560994232014",
            "twitter": "https://x.com/trustmenclinic",
            "instagram": "https://www.instagram.com/trustmenclinic/"
        }
    },
    {
        "model": "information.contact",
        "pk": 1,
        "fields": {
            "subject": "Test",
            "email": "ludmilpaulo@gmail.com",
            "phone": "+244996 467 656",
            "message": "Testing",
            "timestamp": "2024-06-15T05:32:53.601Z"
        }
    },
    {
        "model": "information.contact",
        "pk": 2,
        "fields": {
            "subject": "test",
            "email": "ludmilpaulo@gmail.com",
            "phone": "9234118976",
            "message": "ter",
            "timestamp": "2024-06-15T06:31:18.805Z"
        }
    },
    {
        "model": "information.contact",
        "pk": 3,
        "fields": {
            "subject": "Test",
            "email": "ludmilpaulo@gmail.com",
            "phone": "0842368752",
            "message": "Maitland",
            "timestamp": "2024-06-15T06:34:47.729Z"
        }
    },
    {
        "model": "information.contact",
        "pk": 4,
        "fields": {
            "subject": "Testing",
            "email": "ludmilpaulo@gmail.com",
            "phone": "+244996 467 656",
            "message": "Ludmil",
            "timestamp": "2024-06-15T07:07:32.108Z"
        }
    },
    {
        "model": "information.contact",
        "pk": 5,
        "fields": {
            "subject": "test",
            "email": "ludmilpaulo@gmail.com",
            "phone": "9234118976",
            "message": "ludd",
            "timestamp": "2024-06-15T07:44:23.169Z"
        }
    },
    {
        "model": "information.contact",
        "pk": 6,
        "fields": {
            "subject": "Jacques",
            "email": "betu4ever@gmail.com",
            "phone": "0749288712",
            "message": "Test 1",
            "timestamp": "2024-06-15T23:04:18.155Z"
        }
    }
]